Date,SPY,TLT
2020-01-02,297.698974609375,115.4437484741211
2020-01-03,295.44476318359375,117.22161865234375
2020-01-06,296.5718078613281,116.55596923828125
2020-01-07,295.7380065917969,115.98299407958984
2020-01-08,297.31414794921875,115.21619415283203
2020-01-09,299.3301696777344,115.62063598632812
2020-01-10,298.46875,116.64862060546875
2020-01-13,300.5213623046875,116.29475402832031
2020-01-14,300.06317138671875,116.8929672241211
2020-01-15,300.7413024902344,117.66816711425781
2020-01-16,303.24298095703125,117.29737854003906
2020-01-17,304.1868591308594,116.29475402832031
2020-01-21,303.59124755859375,117.51649475097656
2020-01-22,303.6278381347656,117.92935180664062
2020-01-23,303.97607421875,118.75507354736328
2020-01-24,301.2727966308594,119.71569061279297
2020-01-27,296.4434814453125,121.57777404785156
2020-01-28,299.5501708984375,120.62567901611328
2020-01-29,299.3026428222656,121.80528259277344
2020-01-30,300.27392578125,121.82213592529297
2020-01-31,294.8216247558594,122.93441009521484
2020-02-03,297.0117492675781,122.8347396850586
2020-02-04,301.5385437011719,121.18053436279297
2020-02-05,305.02069091796875,119.85546875
2020-02-06,306.0470275878906,120.39561462402344
2020-02-07,304.4159240722656,121.89800262451172
2020-02-10,306.6885681152344,122.23551177978516
2020-02-11,307.2200012207031,121.61939239501953
2020-02-12,309.1993408203125,121.00328063964844
2020-02-13,308.86944580078125,121.46755981445312
2020-02-14,309.3642578125,121.9992446899414
2020-02-18,308.5670166015625,122.8347396850586
2020-02-19,310.0423583984375,122.82630157470703
2020-02-20,308.7686767578125,123.78848266601562
2020-02-21,305.5888977050781,124.94476318359375
2020-02-24,295.4539489746094,126.80996704101562
2020-02-25,286.5010070800781,127.48522186279297
2020-02-26,285.44720458984375,126.80996704101562
2020-02-27,272.62725830078125,128.1857147216797
2020-02-28,271.4818420410156,131.08055114746094
2020-03-02,283.2388000488281,130.11619567871094
2020-03-03,275.12890625,132.1363525390625
2020-03-04,286.693359375,130.73318481445312
2020-03-05,277.1632385253906,133.98739624023438
2020-03-06,272.5814514160156,140.9606170654297
2020-03-09,251.2943115234375,144.7811279296875
2020-03-10,264.2975158691406,137.35983276367188
2020-03-11,251.4134063720703,132.30532836914062
2020-03-12,227.35890197753906,133.12522888183594
2020-03-13,246.79501342773438,130.11619567871094
2020-03-16,219.78977966308594,138.54318237304688
2020-03-17,231.6566619873047,129.3047637939453
2020-03-18,219.92723083496094,122.0103530883789
2020-03-19,220.39451599121094,125.33214569091797
2020-03-20,210.8968048095703,134.7565460205078
2020-03-23,205.50457763671875,140.30972290039062
2020-03-24,224.12396240234375,137.69796752929688
2020-03-25,227.47914123535156,137.38522338867188
2020-03-26,240.76158142089844,138.06137084960938
2020-03-27,233.5903778076172,141.74673461914062
2020-03-30,241.17637634277344,140.58021545410156
2020-03-31,237.58154296875,139.4391632080078
2020-04-01,226.88922119140625,141.39285278320312
2020-04-02,232.1248016357422,142.29002380371094
2020-04-03,228.76959228515625,142.62867736816406
2020-04-06,244.13523864746094,142.25619506835938
2020-04-07,244.38404846191406,140.7664337158203
2020-04-08,252.58767700195312,139.74220275878906
2020-04-09,256.4313659667969,139.99610900878906
2020-04-13,254.0901336669922,138.71792602539062
2020-04-14,261.5839538574219,138.6841278076172
2020-04-15,256.02587890625,142.35775756835938
2020-04-16,257.26092529296875,143.97451782226562
2020-04-17,264.21099853515625,142.04457092285156
2020-04-20,259.55615234375,143.18731689453125
2020-04-21,251.67515563964844,144.99029541015625
2020-04-22,257.26092529296875,143.50900268554688
2020-04-23,257.24249267578125,144.270751953125
2020-04-24,260.82818603515625,144.60931396484375
2020-04-27,264.5888671875,141.9175567626953
2020-04-28,263.3720703125,143.5513153076172
2020-04-29,270.266845703125,142.80638122558594
2020-04-30,267.7505187988281,141.13888549804688
2020-05-01,260.6622314453125,142.34744262695312
2020-05-04,261.38116455078125,141.67794799804688
2020-05-05,263.7961730957031,140.7710418701172
2020-05-06,262.0079345703125,138.4995574951172
2020-05-07,265.1695251464844,140.8134002685547
2020-05-08,269.55712890625,138.98263549804688
2020-05-11,269.6124267578125,137.8977813720703
2020-05-12,264.23858642578125,139.3131561279297
2020-05-13,259.5653991699219,140.2879180908203
2020-05-14,262.6716613769531,141.6609344482422
2020-05-15,263.879150390625,141.29649353027344
2020-05-18,271.9168395996094,138.19444274902344
2020-05-19,269.1239318847656,138.71151733398438
2020-05-20,273.6958312988281,139.1267852783203
2020-05-21,271.8062438964844,139.4742889404297
2020-05-22,272.32244873046875,140.3133544921875
2020-05-26,275.6775207519531,138.4317626953125
2020-05-27,279.779296875,138.17755126953125
2020-05-28,279.2632141113281,137.66897583007812
2020-05-29,280.50750732421875,138.65211486816406
2020-06-01,281.641357421875,137.71864318847656
2020-06-02,283.9733581542969,137.2178955078125
2020-06-03,287.7524719238281,135.39332580566406
2020-06-04,286.9966125488281,133.43289184570312
2020-06-05,294.35223388671875,132.48245239257812
2020-06-08,297.9102783203125,132.9916534423828
2020-06-09,295.68878173828125,134.5022430419922
2020-06-10,294.0388488769531,136.49656677246094
2020-06-11,277.0877990722656,139.07640075683594
2020-06-12,280.4061279296875,137.73558044433594
2020-06-15,283.0239562988281,137.81198120117188
2020-06-16,288.4714660644531,135.69886779785156
2020-06-17,287.2731628417969,136.2588653564453
2020-06-18,287.38385009765625,137.70166015625
2020-06-19,285.7414245605469,137.81198120117188
2020-06-22,287.57452392578125,137.8289337158203
2020-06-23,288.8984680175781,136.88693237304688
2020-06-24,281.5289611816406,138.3551025390625
2020-06-25,284.547119140625,138.75392150878906
2020-06-26,277.7886962890625,140.23915100097656
2020-06-29,281.8715515136719,139.79771423339844
2020-06-30,285.4822082519531,139.11891174316406
2020-07-01,287.48199462890625,138.8486785888672
2020-07-02,289.0650939941406,138.99314880371094
2020-07-06,293.5274658203125,138.42384338378906
2020-07-07,290.5,140.36953735351562
2020-07-08,292.7220153808594,139.80882263183594
2020-07-09,291.0556335449219,142.0348358154297
2020-07-10,294.0274353027344,141.32119750976562
2020-07-13,291.48138427734375,141.78839111328125
2020-07-14,295.2587890625,141.99240112304688
2020-07-15,297.9713439941406,141.3296356201172
2020-07-16,296.989990234375,142.0009307861328
2020-07-17,297.85101318359375,141.70355224609375
2020-07-20,300.258056640625,142.05184936523438
2020-07-21,300.89691162109375,142.13681030273438
2020-07-22,302.60968017578125,142.56166076660156
2020-07-23,298.99896240234375,144.2269744873047
2020-07-24,297.0733642578125,144.2184600830078
2020-07-27,299.23974609375,143.6831817626953
2020-07-28,297.34185791015625,144.67721557617188
2020-07-29,300.99871826171875,144.43084716796875
2020-07-30,299.9248046875,145.38238525390625
2020-07-31,302.2948303222656,145.28900146484375
2020-08-03,304.396484375,144.5574951171875
2020-08-04,305.57220458984375,145.93548583984375
2020-08-05,307.4700622558594,144.65956115722656
2020-08-06,309.5254821777344,145.46766662597656
2020-08-07,309.7476806640625,144.49794006347656
2020-08-10,310.6734619140625,143.8515167236328
2020-08-11,308.1090087890625,142.14181518554688
2020-08-12,312.4046936035156,140.84890747070312
2020-08-13,311.8399658203125,139.34336853027344
2020-08-14,311.8491516113281,138.7989501953125
2020-08-17,312.8398132324219,139.14776611328125
2020-08-18,313.51568603515625,140.14291381835938
2020-08-19,312.2103271484375,139.26681518554688
2020-08-20,313.182373046875,140.52569580078125
2020-08-21,314.2933654785156,141.3677215576172
2020-08-24,317.4781799316406,141.1381072998047
2020-08-25,318.5890808105469,140.057861328125
2020-08-26,321.7831726074219,139.52203369140625
2020-08-27,322.4867248535156,137.14886474609375
2020-08-28,324.5697937011719,137.04673767089844
2020-08-31,323.39410400390625,137.9569549560547
2020-09-01,326.43994140625,139.5348358154297
2020-09-02,331.1615905761719,140.8632354736328
2020-09-03,319.7649230957031,141.26351928710938
2020-09-04,317.15411376953125,138.58114624023438
2020-09-08,308.4886169433594,139.43264770507812
2020-09-09,314.58038330078125,139.05795288085938
2020-09-10,309.1181335449219,139.76475524902344
2020-09-11,309.2754821777344,140.06280517578125
2020-09-14,313.3490295410156,140.05426025390625
2020-09-15,314.93218994140625,139.71365356445312
2020-09-16,313.68231201171875,139.29638671875
2020-09-17,310.9234313964844,139.72218322753906
2020-09-18,307.3438720703125,139.28793334960938
2020-09-21,303.9231872558594,139.9946746826172
2020-09-22,307.01849365234375,139.8839874267578
2020-09-23,299.8984375,140.0713348388672
2020-09-24,300.69775390625,140.60780334472656
2020-09-25,305.5592346191406,140.60780334472656
2020-09-28,310.6343688964844,140.2074737548828
2020-09-29,308.9425048828125,140.3693389892578
2020-09-30,311.2850341796875,139.0238800048828
2020-10-01,313.2834777832031,139.2532196044922
2020-10-02,310.30902099609375,138.7332000732422
2020-10-05,315.811767578125,136.02256774902344
2020-10-06,311.32220458984375,136.75558471679688
2020-10-07,316.7411804199219,135.75828552246094
2020-10-08,319.5484313964844,136.49130249023438
2020-10-09,322.4020080566406,136.46575927734375
2020-10-12,327.58868408203125,136.90052795410156
2020-10-13,325.4507751464844,137.8808135986328
2020-10-14,323.40582275390625,138.19622802734375
2020-10-15,323.0060729980469,137.95751953125
2020-10-16,322.8110046386719,137.57391357421875
2020-10-19,317.9031677246094,137.0539093017578
2020-10-20,319.17657470703125,135.7497100830078
2020-10-21,318.5723571777344,135.28085327148438
2020-10-22,320.3198547363281,133.8743438720703
2020-10-23,321.40740966796875,134.69271850585938
2020-10-26,315.4678039550781,135.94573974609375
2020-10-27,314.3802795410156,136.85792541503906
2020-10-28,303.6351623535156,136.9857940673828
2020-10-29,306.7210998535156,135.65594482421875
2020-10-30,303.5235900878906,134.31768798828125
2020-11-02,306.92547607421875,135.32371520996094
2020-11-03,312.3446350097656,134.53872680664062
2020-11-04,319.3252868652344,137.45716857910156
2020-11-05,325.552978515625,137.69606018066406
2020-11-06,325.47857666015625,136.0320281982422
2020-11-09,329.5685729980469,133.1732940673828
2020-11-10,329.08526611328125,132.4053192138672
2020-11-11,331.52984619140625,132.88314819335938
2020-11-12,328.3136901855469,135.1444854736328
2020-11-13,332.85894775390625,134.96533203125
2020-11-16,337.01385498046875,134.6410369873047
2020-11-17,335.20135498046875,135.52003479003906
2020-11-18,331.1672668457031,135.9125213623047
2020-11-19,332.5616149902344,136.6122283935547
2020-11-20,330.2841491699219,137.82400512695312
2020-11-23,332.26416015625,137.1925811767578
2020-11-24,337.61810302734375,135.82720947265625
2020-11-25,337.0976257324219,135.40908813476562
2020-11-27,338.0364074707031,136.7231903076172
2020-11-30,336.53985595703125,136.5525360107422
2020-12-01,340.2206726074219,134.5391082763672
2020-12-02,340.93646240234375,133.47137451171875
2020-12-03,340.843505859375,134.54771423339844
2020-12-04,343.7807922363281,132.57449340820312
2020-12-07,343.0743713378906,133.77041625976562
2020-12-08,344.0782775878906,134.4024658203125
2020-12-09,340.9923095703125,133.9582977294922
2020-12-10,340.8807067871094,135.14566040039062
2020-12-11,340.4810485839844,135.6240234375
2020-12-14,338.9566650390625,135.2481689453125
2020-12-15,343.5391540527344,134.79541015625
2020-12-16,344.0782775878906,134.43663024902344
2020-12-17,346.0023498535156,134.0810089111328
2020-12-18,344.6207580566406,133.6790771484375
2020-12-21,343.38848876953125,134.20919799804688
2020-12-22,342.809814453125,134.90187072753906
2020-12-23,343.117919921875,133.96975708007812
2020-12-24,344.4528503417969,134.49998474121094
2020-12-28,347.41192626953125,134.55979919433594
2020-12-29,346.7491760253906,134.3887176513672
2020-12-30,347.243896484375,134.67947387695312
2020-12-31,349.00811767578125,134.8761444091797
2021-01-04,344.2566833496094,134.71376037597656
2021-01-05,346.6277160644531,133.71319580078125
2021-01-06,348.7000427246094,130.96835327148438
2021-01-07,353.880859375,129.81398010253906
2021-01-08,355.89715576171875,129.3949432373047
2021-01-11,353.4981384277344,129.1811981201172
2021-01-12,353.57281494140625,129.07855224609375
2021-01-13,354.5249938964844,130.53224182128906
2021-01-14,353.283447265625,129.30943298339844
2021-01-15,350.70709228515625,129.82257080078125
2021-01-19,353.4608154296875,130.24151611328125
2021-01-20,358.3523254394531,130.36976623535156
2021-01-21,358.6789855957031,129.454833984375
2021-01-22,357.409423828125,129.873779296875
2021-01-25,358.81890869140625,131.4044647216797
2021-01-26,358.25885009765625,131.15647888183594
2021-01-27,349.5028381347656,131.48997497558594
2021-01-28,352.5086669921875,130.76304626464844
2021-01-29,345.45159912109375,129.97642517089844
2021-02-01,351.2017517089844,130.12709045410156
2021-02-02,356.1678466796875,129.28810119628906
2021-02-03,356.4479675292969,128.14089965820312
2021-02-04,360.4992370605469,127.79850006103516
2021-02-05,361.9180603027344,126.72833251953125
2021-02-08,364.5318603515625,127.28484344482422
2021-02-09,364.2892150878906,127.37897491455078
2021-02-10,364.1304626464844,128.22654724121094
2021-02-11,364.7185363769531,127.52456665039062
2021-02-12,366.5201110839844,125.94075012207031
2021-02-16,366.2027893066406,124.02313995361328
2021-02-17,366.28680419921875,124.81070709228516
2021-02-18,364.7279052734375,124.30562591552734
2021-02-19,364.0837707519531,122.6532974243164
2021-02-22,361.2833251953125,121.72020721435547
2021-02-23,361.7220153808594,121.36921691894531
2021-02-24,365.7079772949219,120.57301330566406
2021-02-25,356.89599609375,118.6039810180664
2021-02-26,355.05706787109375,122.52489471435547
2021-03-01,363.6636962890625,120.90669250488281
2021-03-02,360.82598876953125,120.91525268554688
2021-03-03,356.0465393066406,119.60383605957031
2021-03-04,351.6405029296875,118.83244323730469
2021-03-05,358.1095275878906,119.06382751464844
2021-03-08,356.32659912109375,118.13811492919922
2021-03-09,361.4140319824219,119.77523803710938
2021-03-10,363.6636962890625,120.0152816772461
2021-03-11,367.3509521484375,119.14954376220703
2021-03-12,367.845703125,116.62103271484375
2021-03-15,370.0393371582031,117.30675506591797
2021-03-16,369.57269287109375,116.83528137207031
2021-03-17,370.83282470703125,115.96101379394531
2021-03-18,365.4373779296875,114.78677368164062
2021-03-19,364.7611999511719,115.4981918334961
2021-03-22,367.67376708984375,116.79244232177734
2021-03-23,364.7798767089844,117.84672546386719
2021-03-24,362.925537109375,118.4809799194336
2021-03-25,364.9671936035156,117.54668426513672
2021-03-26,370.8486633300781,117.13529968261719
2021-03-29,370.6613464355469,116.14099884033203
2021-03-30,369.6779479980469,116.74958801269531
2021-03-31,371.1764221191406,116.09815979003906
2021-04-01,375.1846923828125,118.0250244140625
2021-04-05,380.5698547363281,117.51007080078125
2021-04-06,380.3450012207031,118.30831909179688
2021-04-07,380.7852478027344,117.48435974121094
2021-04-08,382.59271240234375,118.45420837402344
2021-04-09,385.3742980957031,118.0250244140625
2021-04-12,385.5147399902344,117.9735336303711
2021-04-13,386.6572265625,118.85758972167969
2021-04-14,385.3367919921875,118.47994232177734
2021-04-15,389.47625732421875,120.46259307861328
2021-04-16,390.7780456542969,119.52709197998047
2021-04-19,388.85821533203125,119.18379974365234
2021-04-20,386.0110168457031,119.73306274414062
2021-04-21,389.6635437011719,119.97340393066406
2021-04-22,386.104736328125,120.49701690673828
2021-04-23,390.2910461425781,120.21373748779297
2021-04-26,391.10577392578125,120.04208374023438
2021-04-27,391.0215759277344,118.99494171142578
2021-04-28,390.9091796875,119.07217407226562
2021-04-29,393.4002685546875,118.72028350830078
2021-04-30,390.8155212402344,118.99494171142578
2021-05-03,391.6584777832031,119.06632232666016
2021-05-04,389.24212646484375,119.87428283691406
2021-05-05,389.36395263671875,120.07196044921875
2021-05-06,392.4731750488281,120.2696762084961
2021-05-07,395.32965087890625,119.67662811279297
2021-05-10,391.414794921875,118.46466827392578
2021-05-11,387.9216003417969,117.7940902709961
2021-05-12,379.6801452636719,116.55638885498047
2021-05-13,384.2410583496094,116.73686981201172
2021-05-14,390.1411437988281,117.8284912109375
2021-05-17,389.1484680175781,117.57923889160156
2021-05-18,385.79571533203125,117.27841186523438
2021-05-19,384.7842102050781,116.9947280883789
2021-05-20,388.9237365722656,117.95741271972656
2021-05-21,388.6052551269531,118.33568572998047
2021-05-24,392.5668029785156,118.7740478515625
2021-05-25,391.6959228515625,119.87428283691406
2021-05-26,392.4731750488281,119.66802978515625
2021-05-27,392.6791687011719,119.1866226196289
2021-05-28,393.381591796875,118.99751281738281
2021-06-01,393.0351257324219,118.97083282470703
2021-06-02,393.6531982421875,119.24628448486328
2021-06-03,392.19219970703125,118.79869842529297
2021-06-04,395.7791748046875,120.42560577392578
2021-06-07,395.395263671875,120.05545043945312
2021-06-08,395.4794616699219,120.8990249633789
2021-06-09,394.8894348144531,121.96640014648438
2021-06-10,396.7250061035156,122.69808197021484
2021-06-11,397.380615234375,122.50011444091797
2021-06-14,398.2703552246094,121.56185913085938
2021-06-15,397.5398254394531,121.4155502319336
2021-06-16,395.3202819824219,121.31224060058594
2021-06-17,395.1890563964844,123.12845611572266
2021-06-18,389.8578796386719,125.44397735595703
2021-06-21,395.4390869140625,123.34367370605469
2021-06-22,397.5531311035156,123.64498901367188
2021-06-23,397.0740051269531,123.32643127441406
2021-06-24,399.4229431152344,123.52447509765625
2021-06-25,400.8417053222656,122.24188232421875
2021-06-28,401.6498107910156,123.49861145019531
2021-06-29,401.865966796875,123.7052001953125
2021-06-30,402.2041320800781,124.25615692138672
2021-07-01,404.4309997558594,124.2630386352539
2021-07-02,407.5222473144531,125.01287078857422
2021-07-06,406.7799377441406,126.47813415527344
2021-07-07,408.21759033203125,127.59867095947266
2021-07-08,404.891357421875,128.0985565185547
2021-07-09,409.2135925292969,126.29716491699219
2021-07-12,410.6793212890625,126.13341522216797
2021-07-13,409.279296875,125.16802215576172
2021-07-14,409.8900451660156,126.59020233154297
2021-07-15,408.49005126953125,127.98646545410156
2021-07-16,405.2859802246094,127.74522399902344
2021-07-19,399.30084228515625,130.54641723632812
2021-07-20,405.0229187011719,129.28799438476562
2021-07-21,408.3021240234375,127.65032196044922
2021-07-22,409.1571960449219,128.85704040527344
2021-07-23,413.3665771484375,127.99514770507812
2021-07-26,414.38134765625,127.61589050292969
2021-07-27,412.49273681640625,128.97769165039062
2021-07-28,412.3236083984375,128.98626708984375
2021-07-29,414.03375244140625,128.2709503173828
2021-07-30,412.0229797363281,128.87429809570312
2021-08-02,411.15850830078125,130.02377319335938
2021-08-03,414.5035400390625,130.0928192138672
2021-08-04,412.46453857421875,130.36033630371094
2021-08-05,415.0766296386719,129.69586181640625
2021-08-06,415.7625427246094,127.52981567382812
2021-08-09,415.42437744140625,127.07246398925781
2021-08-10,415.94110107421875,126.48560333251953
2021-08-11,416.9745788574219,126.40792083740234
2021-08-12,418.22430419921875,126.20089721679688
2021-08-13,418.9853515625,128.19422912597656
2021-08-16,419.9719543457031,128.5049285888672
2021-08-17,417.2188720703125,128.453125
2021-08-18,412.6525573730469,128.88465881347656
2021-08-19,413.2914733886719,129.83389282226562
2021-08-20,416.58001708984375,129.9202117919922
2021-08-23,420.24444580078125,129.83389282226562
2021-08-24,420.9115295410156,128.82418823242188
2021-08-25,421.7947998046875,127.75420379638672
2021-08-26,419.3048400878906,128.1079864501953
2021-08-27,423.0538635253906,128.9795684814453
2021-08-30,424.91424560546875,129.31617736816406
2021-08-31,424.2846984863281,128.4359130859375
2021-09-01,424.5102233886719,128.65101623535156
2021-09-02,425.8163146972656,129.21270751953125
2021-09-03,425.712890625,128.03759765625
2021-09-07,424.1907653808594,126.95746612548828
2021-09-08,423.6739501953125,127.82157897949219
2021-09-09,421.8606262207031,129.3682861328125
2021-09-10,418.53436279296875,128.2276153564453
2021-09-13,419.6054992675781,129.0053253173828
2021-09-14,417.3410949707031,130.56930541992188
2021-09-15,420.8269958496094,130.11129760742188
2021-09-16,420.1598815917969,129.51513671875
2021-09-17,416.0670166015625,128.8929901123047
2021-09-20,409.1295471191406,130.4915771484375
2021-09-21,408.7430419921875,130.37921142578125
2021-09-22,412.7301940917969,131.15689086914062
2021-09-23,417.74493408203125,128.19308471679688
2021-09-24,418.4330749511719,126.94023895263672
2021-09-27,417.23590087890625,126.47359466552734
2021-09-28,408.8278503417969,124.50354766845703
2021-09-29,409.5159912109375,124.71955871582031
2021-09-30,404.5107421875,124.7022705078125
2021-10-01,409.31805419921875,125.75172424316406
2021-10-04,404.03936767578125,125.43158721923828
2021-10-05,408.2434387207031,124.22039794921875
2021-10-06,409.9401550292969,124.92117309570312
2021-10-07,413.484375,123.61475372314453
2021-10-08,412.7301940917969,122.74955749511719
2021-10-11,409.7422180175781,122.43811798095703
2021-10-12,408.7336120605469,124.53182220458984
2021-10-13,410.2040710449219,125.74307250976562
2021-10-14,417.10394287109375,126.21027374267578
2021-10-15,420.280517578125,125.47490692138672
2021-10-18,421.5247497558594,126.06317138671875
2021-10-19,424.7767639160156,124.3241958618164
2021-10-20,426.4451904296875,123.4849853515625
2021-10-21,427.5574645996094,123.33790588378906
2021-10-22,427.114501953125,124.69625091552734
2021-10-25,429.405029296875,124.50585174560547
2021-10-26,429.7914733886719,125.53545379638672
2021-10-27,427.8873596191406,127.81944274902344
2021-10-28,432.0159912109375,127.38685607910156
2021-10-29,432.892578125,127.77621459960938
2021-11-01,433.6372375488281,126.85625457763672
2021-11-02,435.3905029296875,127.4192886352539
2021-11-03,438.0486755371094,126.1025619506836
2021-11-04,440.11297607421875,127.42798614501953
2021-11-05,441.6400451660156,129.333740234375
2021-11-08,442.0170593261719,129.0911865234375
2021-11-09,440.55609130859375,130.77175903320312
2021-11-10,437.0118103027344,128.38087463378906
2021-11-11,437.1531982421875,128.1903076171875
2021-11-12,440.4523620605469,127.62721252441406
2021-11-15,440.6031188964844,126.02459716796875
2021-11-16,442.3470458984375,125.70408630371094
2021-11-17,441.2724304199219,126.7002944946289
2021-11-18,442.77117919921875,127.17674255371094
2021-11-19,441.9793701171875,128.51947021484375
2021-11-22,440.7351379394531,127.01214599609375
2021-11-23,441.31951904296875,125.17564392089844
2021-11-24,442.49774169921875,127.18537902832031
2021-11-26,432.62872314453125,130.39926147460938
2021-11-29,437.93560791015625,129.3510284423828
2021-11-30,429.4144592285156,131.31748962402344
2021-12-01,424.64483642578125,132.12754821777344
2021-12-02,431.14874267578125,132.29232788085938
2021-12-03,427.397216796875,133.87088012695312
2021-12-06,432.45904541015625,132.0321044921875
2021-12-07,441.4044189453125,130.96536254882812
2021-12-08,442.57318115234375,128.7017059326172
2021-12-09,439.5851135253906,129.4215545654297
2021-12-10,443.7231140136719,129.10931396484375
2021-12-13,439.79254150390625,131.01742553710938
2021-12-14,436.7667236328125,130.70518493652344
2021-12-15,443.5912170410156,129.44754028320312
2021-12-16,439.6794128417969,129.49790954589844
2021-12-17,434.9999694824219,130.96534729003906
2021-12-20,430.3744201660156,129.9841766357422
2021-12-21,438.0174560546875,129.48931884765625
2021-12-22,442.3970947265625,130.08834838867188
2021-12-23,445.149658203125,128.9595489501953
2021-12-27,451.4494934082031,129.27218627929688
2021-12-28,451.08056640625,128.7598419189453
2021-12-29,451.6576232910156,127.3531723022461
2021-12-30,450.4089660644531,128.42120361328125
2021-12-31,449.2738952636719,128.6730499267578
2022-01-03,451.87518310546875,125.29535675048828
2022-01-04,451.7237854003906,124.77439880371094
2022-01-05,443.04974365234375,124.09705352783203
2022-01-06,442.633544921875,124.41836547851562
2022-01-07,440.8835754394531,123.52403259277344
2022-01-10,440.3349914550781,123.82792663574219
2022-01-11,444.345703125,124.65288543701172
2022-01-12,445.5469055175781,124.17517852783203
2022-01-13,439.40789794921875,125.27804565429688
2022-01-14,439.5877380371094,123.38511657714844
2022-01-18,431.8027038574219,121.64852905273438
2022-01-19,427.319091796875,122.49079895019531
2022-01-20,422.5894470214844,123.24618530273438
2022-01-21,414.2938232421875,124.71363067626953
2022-01-24,416.05316162109375,123.6889877319336
2022-01-25,410.97357177734375,123.48929595947266
2022-01-26,409.9425964355469,121.99584197998047
2022-01-27,407.9183044433594,124.23605346679688
2022-01-28,418.049072265625,124.27949523925781
2022-01-31,425.5786437988281,123.63690948486328
2022-02-01,428.4542541503906,123.22647857666016
2022-02-02,432.6163024902344,123.64389038085938
2022-02-03,422.4476013183594,122.6786880493164
2022-02-04,424.4340515136719,120.87010192871094
2022-02-07,423.07196044921875,120.94840240478516
2022-02-08,426.5528869628906,120.13983154296875
2022-02-09,432.79595947265625,120.36582946777344
2022-02-10,425.0205078125,118.45291137695312
2022-02-11,416.6396484375,120.20932006835938
2022-02-14,415.2774353027344,118.71378326416016
2022-02-15,421.97467041015625,117.36599731445312
2022-02-16,422.4476013183594,118.0616455078125
2022-02-17,413.423583984375,118.93985748291016
2022-02-18,410.74658203125,120.19194793701172
2022-02-22,406.3385925292969,120.50494384765625
2022-02-23,399.13067626953125,118.8442153930664
2022-02-24,405.13720703125,118.92241668701172
2022-02-25,414.0762023925781,119.00943756103516
2022-02-28,413.0168151855469,121.61793518066406
2022-03-01,406.72650146484375,123.02404022216797
2022-03-02,414.20867919921875,118.81877899169922
2022-03-03,412.1465759277344,120.02897644042969
2022-03-04,408.7979431152344,122.10111236572266
2022-03-07,396.7469482421875,121.16954040527344
2022-03-08,393.7389831542969,119.95059204101562
2022-03-09,404.2953796386719,118.77520751953125
2022-03-10,402.46978759765625,117.0687484741211
2022-03-11,397.3523864746094,117.46051025390625
2022-03-14,394.4483947753906,114.71793365478516
2022-03-15,403.12249755859375,114.51769256591797
2022-03-16,412.0614013671875,115.64086151123047
2022-03-17,417.2166442871094,114.77892303466797
2022-03-18,421.7863464355469,116.18065643310547
2022-03-21,421.6629638671875,113.49032592773438
2022-03-22,426.59710693359375,112.03633117675781
2022-03-23,421.1031494140625,114.49153900146484
2022-03-24,427.4510498046875,113.59481048583984
2022-03-25,429.5384826660156,112.0189208984375
2022-03-28,432.5939025878906,112.97662353515625
2022-03-29,437.94537353515625,113.82987976074219
2022-03-30,435.24114990234375,114.71793365478516
2022-03-31,428.5422668457031,114.99654388427734
2022-04-01,429.7568054199219,115.43431854248047
2022-04-04,433.4383850097656,114.63206481933594
2022-04-05,427.9634094238281,112.04225158691406
2022-04-06,423.6841125488281,111.13539123535156
2022-04-07,425.8190002441406,110.29826354980469
2022-04-08,424.68035888671875,109.10360717773438
2022-04-11,417.4216613769531,107.37712860107422
2022-04-12,415.8749084472656,107.22886657714844
2022-04-13,420.6382141113281,107.44683837890625
2022-04-14,415.4005432128906,105.29305267333984
2022-04-18,415.5713195800781,104.76982879638672
2022-04-19,422.2798156738281,103.98505401611328
2022-04-20,421.96661376953125,106.07782745361328
2022-04-21,415.6567077636719,105.29305267333984
2022-04-22,404.2514953613281,104.63033294677734
2022-04-25,406.59515380859375,105.67670440673828
2022-04-26,394.81982421875,106.74053955078125
2022-04-27,395.9300231933594,105.37150573730469
2022-04-28,405.9309387207031,105.5284652709961
2022-04-29,390.9294738769531,104.15945434570312
2022-05-02,393.2826843261719,102.35397338867188
2022-05-03,395.0855407714844,103.04399108886719
2022-05-04,407.11700439453125,103.61177825927734
2022-05-05,392.6469421386719,100.77297973632812
2022-05-06,390.3032531738281,99.28805541992188
2022-05-09,377.8067932128906,100.16151428222656
2022-05-10,378.6797790527344,101.0699691772461
2022-05-11,372.6639404296875,103.0177993774414
2022-05-12,372.27496337890625,102.82565307617188
2022-05-13,381.17523193359375,101.30579376220703
2022-05-16,379.62860107421875,101.20100402832031
2022-05-17,387.4377136230469,99.97811126708984
2022-05-18,371.8194274902344,102.10940551757812
2022-05-19,369.5422058105469,102.35397338867188
2022-05-20,369.7035217285156,103.51570892333984
2022-05-23,376.6207275390625,101.81243896484375
2022-05-24,373.7457580566406,103.8214111328125
2022-05-25,377.0476989746094,104.23194885253906
2022-05-26,384.5816650390625,103.76028442382812
2022-05-27,394.0227355957031,104.0135726928711
2022-05-31,391.81195068359375,101.81243896484375
2022-06-01,388.642822265625,101.69600677490234
2022-06-02,396.0438537597656,101.74852752685547
2022-06-03,389.544189453125,101.52977752685547
2022-06-06,390.7302551269531,99.65721130371094
2022-06-07,394.47821044921875,100.7335205078125
2022-06-08,390.1893615722656,99.84097290039062
2022-06-09,380.9095764160156,100.17347717285156
2022-06-10,369.8648681640625,99.55220794677734
2022-06-13,355.82171630859375,96.42831420898438
2022-06-14,354.74951171875,95.2120590209961
2022-06-15,359.8069763183594,96.98838806152344
2022-06-16,347.8988037109375,97.75839233398438
2022-06-17,348.6487731933594,98.0733871459961
2022-06-21,357.42547607421875,96.41084289550781
2022-06-22,356.7774963378906,99.06220245361328
2022-06-23,360.27484130859375,99.8759994506836
2022-06-24,371.7294006347656,98.4934310913086
2022-06-27,370.3094482421875,97.65339660644531
2022-06-28,362.7430114746094,98.10844421386719
2022-06-29,362.4476623535156,99.63971710205078
2022-06-30,359.50299072265625,100.51473236083984
2022-07-01,363.3052062988281,101.54669189453125
2022-07-05,363.99139404296875,102.34454345703125
2022-07-06,365.220703125,100.6260757446289
2022-07-07,370.690673828125,99.7405776977539
2022-07-08,370.3857421875,98.63582611083984
2022-07-11,366.15460205078125,100.33677673339844
2022-07-12,362.9145202636719,100.9329833984375
2022-07-13,361.00860595703125,102.09028625488281
2022-07-14,360.1319274902344,101.25736236572266
2022-07-15,367.01226806640625,101.82726287841797
2022-07-18,363.98187255859375,100.76638793945312
2022-07-19,373.8163146972656,100.2227783203125
2022-07-20,376.19879150390625,100.48580932617188
2022-07-21,380.0296325683594,102.22180938720703
2022-07-22,376.5036926269531,103.94024658203125
2022-07-25,376.9611511230469,102.9232177734375
2022-07-26,372.5013122558594,103.00212860107422
2022-07-27,382.17376708984375,102.4234619140625
2022-07-28,386.9671630859375,103.23886108398438
2022-07-29,392.6086120605469,102.95829010009766
2022-08-01,391.44610595703125,105.43787384033203
2022-08-02,388.863525390625,103.20684814453125
2022-08-03,394.9529113769531,104.8318099975586
2022-08-04,394.6861267089844,104.7966537475586
2022-08-05,394.0190734863281,102.30213165283203
2022-08-08,393.5616760253906,103.95346069335938
2022-08-09,391.9988098144531,103.54944610595703
2022-08-10,400.2323303222656,102.87308502197266
2022-08-11,400.2323303222656,100.47516632080078
2022-08-12,407.00787353515625,101.49405670166016
2022-08-15,408.6850280761719,101.40620422363281
2022-08-16,409.48553466796875,101.82782745361328
2022-08-17,406.5790100097656,100.76504516601562
2022-08-18,407.76068115234375,100.91436004638672
2022-08-19,402.2812194824219,99.28937530517578
2022-08-22,393.90472412109375,98.95559692382812
2022-08-23,392.95172119140625,98.41104125976562
2022-08-24,394.2096252441406,97.6907958984375
2022-08-25,399.7749938964844,99.05221557617188
2022-08-26,386.2429504394531,99.79883575439453
2022-08-29,383.68902587890625,98.97318267822266
2022-08-30,379.4769592285156,99.2191162109375
2022-08-31,376.58941650390625,98.27046966552734
2022-09-01,377.7711181640625,96.4713363647461
2022-09-02,373.7877197265625,97.01708221435547
2022-09-06,372.37738037109375,94.61410522460938
2022-09-07,379.0671691894531,96.1104507446289
2022-09-08,381.5447998046875,95.12460327148438
2022-09-09,387.4722595214844,95.33586883544922
2022-09-12,391.6366882324219,94.5524673461914
2022-09-13,374.6072998046875,94.77254486083984
2022-09-14,376.0367431640625,95.09819793701172
2022-09-15,371.76751708984375,95.0365982055664
2022-09-16,368.9313049316406,94.2444076538086
2022-09-19,371.7923889160156,94.46444702148438
2022-09-20,367.52471923828125,93.52262878417969
2022-09-21,361.1136779785156,95.08940887451172
2022-09-22,358.0804443359375,92.65997314453125
2022-09-23,352.0808410644531,93.03851318359375
2022-09-26,348.59783935546875,91.2604751586914
2022-09-27,347.7079162597656,88.85749053955078
2022-09-28,354.5495300292969,91.8326187133789
2022-09-29,347.14337158203125,91.35733032226562
2022-09-30,341.7752990722656,90.17780303955078
2022-10-03,350.79864501953125,91.61068725585938
2022-10-04,361.6686706542969,91.35484313964844
2022-10-05,360.82659912109375,90.48135375976562
2022-10-06,357.1044006347656,89.97842407226562
2022-10-07,347.14337158203125,89.10491180419922
2022-10-10,344.4928283691406,87.71968078613281
2022-10-11,342.3111572265625,88.10790252685547
2022-10-12,341.1820373535156,88.54022216796875
2022-10-13,350.1861877441406,87.69320678710938
2022-10-14,342.2059020996094,86.96971893310547
2022-10-17,350.99957275390625,86.54621124267578
2022-10-18,355.1236572265625,86.74915313720703
2022-10-19,352.60711669921875,85.1697998046875
2022-10-20,349.650390625,83.7139663696289
2022-10-21,358.1473388671875,82.20520782470703
2022-10-24,362.52984619140625,81.52583312988281
2022-10-25,368.3189697265625,83.89928436279297
2022-10-26,365.5439758300781,85.10802459716797
2022-10-27,363.5920104980469,85.99917602539062
2022-10-28,372.24212646484375,85.40802001953125
2022-10-31,369.55328369140625,84.79920959472656
2022-11-01,367.9361877441406,85.59173583984375
2022-11-02,358.70233154296875,85.22021484375
2022-11-03,355.00885009765625,84.76033020019531
2022-11-04,360.1184997558594,83.33628845214844
2022-11-07,363.5632629394531,82.50486755371094
2022-11-08,365.5248718261719,83.40703582763672
2022-11-09,357.9942626953125,83.68123626708984
2022-11-10,377.6675720214844,86.90079498291016
2022-11-11,381.3228454589844,86.58235931396484
2022-11-14,378.0790710449219,86.37008666992188
2022-11-15,381.3036193847656,87.76759338378906
2022-11-16,378.3948059082031,89.68689727783203
2022-11-17,377.23687744140625,88.74049377441406
2022-11-18,378.9497375488281,88.13018035888672
2022-11-21,377.57183837890625,88.50167083740234
2022-11-22,382.6528015136719,89.75765991210938
2022-11-23,385.06427001953125,91.32320404052734
2022-11-25,384.97808837890625,91.01361083984375
2022-11-28,378.8349304199219,91.2701416015625
2022-11-29,378.1842956542969,90.19992065429688
2022-11-30,390.0973205566406,90.86327362060547
2022-12-01,389.8102722167969,93.76596069335938
2022-12-02,389.3605041503906,94.94512939453125
2022-12-05,382.3562927246094,93.6152572631836
2022-12-06,376.8446960449219,94.82100677490234
2022-12-07,376.20355224609375,97.05522918701172
2022-12-08,379.15069580078125,96.78924560546875
2022-12-09,376.3183898925781,94.27133178710938
2022-12-12,381.7439270019531,94.57276916503906
2022-12-13,384.63360595703125,95.48595428466797
2022-12-14,382.1744689941406,95.89380645751953
2022-12-15,372.8257751464844,96.26793670654297
2022-12-16,368.4241638183594,95.19255828857422
2022-12-19,365.3000183105469,93.59284973144531
2022-12-20,365.7998962402344,91.930908203125
2022-12-21,371.2695007324219,92.16197204589844
2022-12-22,365.97296142578125,92.14421081542969
2022-12-23,368.07806396484375,90.79334259033203
2022-12-27,366.62664794921875,88.99809265136719
2022-12-28,362.0701904296875,88.47372436523438
2022-12-29,368.58758544921875,89.47798919677734
2022-12-30,367.6166687011719,88.48262023925781
2023-01-03,366.0690002441406,90.17121124267578
2023-01-04,368.895263671875,91.40656280517578
2023-01-05,364.6848449707031,91.7886962890625
2023-01-06,373.0478515625,93.47731018066406
2023-01-09,372.8363952636719,93.97502136230469
2023-01-10,375.45098876953125,92.41973114013672
2023-01-11,380.19964599609375,93.92167663574219
2023-01-12,381.5838623046875,95.77025604248047
2023-01-13,383.0642395019531,94.87261962890625
2023-01-17,382.36248779296875,94.2593994140625
2023-01-18,376.3258056640625,96.54346466064453
2023-01-19,373.586181640625,95.93912506103516
2023-01-20,380.54571533203125,94.38383483886719
2023-01-23,385.1117248535156,93.939453125
2023-01-24,384.6983337402344,95.29032135009766
2023-01-25,384.8425598144531,95.52140808105469
2023-01-26,389.0721130371094,95.0770492553711
2023-01-27,389.96612548828125,94.83707427978516
2023-01-30,385.07330322265625,94.49046325683594
2023-01-31,390.7351379394531,95.24591064453125
2023-02-01,394.88775634765625,96.39086151123047
2023-02-02,400.6361389160156,96.51560974121094
2023-02-03,396.37774658203125,95.0721435546875
2023-02-06,393.95538330078125,94.36825561523438
2023-02-07,399.1077880859375,93.61087036132812
2023-02-08,394.7436218261719,94.056396484375
2023-02-09,391.32147216796875,93.16535186767578
2023-02-10,392.2347106933594,92.12284851074219
2023-02-13,396.8391418457031,92.89806365966797
2023-02-14,396.65655517578125,92.68419647216797
2023-02-15,397.9446105957031,91.8199462890625
2023-02-16,392.4653625488281,90.51905059814453
2023-02-17,391.48492431640625,91.222900390625
2023-02-21,383.63140869140625,89.4498062133789
2023-02-22,383.1027526855469,90.26953887939453
2023-02-23,385.1405944824219,91.15165710449219
2023-02-24,381.0263366699219,89.96658325195312
2023-02-27,382.3240661621094,90.21607971191406
2023-02-28,380.9110107421875,90.62596130371094
2023-03-01,379.4499206542969,89.65234375
2023-03-02,382.4009704589844,88.85736846923828
2023-03-03,388.5338439941406,91.01004028320312
2023-03-06,388.80303955078125,90.30438232421875
2023-03-07,382.8431091308594,90.85820007324219
2023-03-08,383.468017578125,90.947509765625
2023-03-09,376.3930358886719,91.1707992553711
2023-03-10,370.9619140625,94.3149185180664
2023-03-13,370.4331970214844,94.52931213378906
2023-03-14,376.5564880371094,92.97509765625
2023-03-15,374.2013854980469,94.77049255371094
2023-03-16,380.7667541503906,94.02912139892578
2023-03-17,376.3146057128906,95.4404067993164
2023-03-20,379.93310546875,94.60077667236328
2023-03-21,384.9218444824219,93.7879409790039
2023-03-22,378.36029052734375,95.03846740722656
2023-03-23,379.3830871582031,95.03846740722656
2023-03-24,381.8726501464844,95.4404067993164
2023-03-27,382.5867004394531,93.19839477539062
2023-03-28,381.7279052734375,93.36811828613281
2023-03-29,387.2762756347656,93.18053436279297
2023-03-30,389.54388427734375,93.60929107666016
2023-03-31,395.0343933105469,95.01165008544922
2023-04-03,396.5396423339844,95.45848083496094
2023-04-04,394.339599609375,95.9330825805664
2023-04-05,393.3070983886719,96.93605041503906
2023-04-06,394.84136962890625,97.18677520751953
2023-04-10,395.2466125488281,95.61967468261719
2023-04-11,395.352783203125,95.81670379638672
2023-04-12,393.7413635253906,95.71817779541016
2023-04-13,398.9712829589844,94.96600341796875
2023-04-14,397.9967041015625,94.09737396240234
2023-04-17,399.4248352050781,92.9780044555664
2023-04-18,399.6853332519531,93.30934143066406
2023-04-19,399.6178283691406,93.21979522705078
2023-04-20,397.43701171875,94.01676940917969
2023-04-21,397.7458190917969,93.48844146728516
2023-04-24,398.1607971191406,94.39288330078125
2023-04-25,391.84039306640625,95.78083038330078
2023-04-26,390.18072509765625,94.760009765625
2023-04-27,397.9485168457031,93.81977081298828
2023-04-28,401.34503173828125,95.33312225341797
2023-05-01,400.93975830078125,92.58423614501953
2023-05-02,396.4335632324219,94.89144134521484
2023-05-03,393.71240234375,95.42112731933594
2023-05-04,390.9236755371094,94.47847747802734
2023-05-05,398.1607971191406,94.16426086425781
2023-05-08,398.266845703125,92.8445816040039
2023-05-09,396.52032470703125,92.51240539550781
2023-05-10,398.37298583984375,93.41017150878906
2023-05-11,397.6783142089844,94.39769744873047
2023-05-12,397.15716552734375,93.60765838623047
2023-05-15,398.5273742675781,92.63812255859375
2023-05-16,395.86419677734375,92.35982513427734
2023-05-17,400.6695556640625,92.09048461914062
2023-05-18,404.5292663574219,91.408203125
2023-05-19,403.940673828125,90.76183319091797
2023-05-22,404.104736328125,90.43863677978516
2023-05-23,399.5695495605469,90.6989974975586
2023-05-24,396.67474365234375,90.25009155273438
2023-05-25,400.10992431640625,90.02568054199219
2023-05-26,405.29156494140625,90.75283813476562
2023-05-30,405.44598388671875,91.65957641601562
2023-05-31,403.1976623535156,92.45854949951172
2023-06-01,407.0284729003906,92.82130432128906
2023-06-02,412.91455078125,91.80414581298828
2023-06-05,412.1233215332031,91.63313293457031
2023-06-06,413.02069091796875,92.17323303222656
2023-06-07,411.5925598144531,90.80501556396484
2023-06-08,414.0821228027344,91.86717987060547
2023-06-09,414.8251037597656,91.74113464355469
2023-06-12,418.58837890625,92.01118469238281
2023-06-13,421.3481140136719,91.10205841064453
2023-06-14,421.8498229980469,91.8311767578125
2023-06-15,427.0798034667969,92.71327209472656
2023-06-16,425.62506103515625,92.35324096679688
2023-06-20,423.4168395996094,92.99234008789062
2023-06-21,421.2474060058594,93.21735382080078
2023-06-22,422.7679443359375,92.09220123291016
2023-06-23,419.57183837890625,93.01033020019531
2023-06-26,417.8575439453125,93.10936737060547
2023-06-27,422.4386901855469,92.86631774902344
2023-06-28,422.6517333984375,93.26237487792969
2023-06-29,424.31756591796875,91.57913970947266
2023-06-30,429.3248596191406,92.65930938720703
2023-07-03,429.81878662109375,92.1340103149414
2023-07-05,429.1795654296875,91.25848388671875
2023-07-06,425.81878662109375,89.96783447265625
2023-07-07,424.7436828613281,89.42628479003906
2023-07-10,425.81878662109375,89.54364013671875
2023-07-11,428.5306701660156,90.0039291381836
2023-07-12,431.9785461425781,91.00579071044922
2023-07-13,435.4071044921875,91.96251678466797
2023-07-14,435.1358947753906,91.42096710205078
2023-07-17,436.6468200683594,91.46610260009766
2023-07-18,439.89141845703125,91.88127136230469
2023-07-19,440.86956787109375,92.91921997070312
2023-07-20,437.9446716308594,91.79100036621094
2023-07-21,437.9446716308594,91.81813049316406
2023-07-24,439.9010925292969,91.48413848876953
2023-07-25,441.1020202636719,91.3126449584961
2023-07-26,441.1698303222656,91.40290832519531
2023-07-27,438.2449035644531,89.6248550415039
2023-07-28,442.5354309082031,90.08517456054688
2023-07-31,443.37811279296875,90.30181884765625
2023-08-01,442.1092529296875,88.82202911376953
2023-08-02,435.9591979980469,87.87169647216797
2023-08-03,434.7098083496094,85.84439086914062
2023-08-04,432.74365234375,87.36489868164062
2023-08-07,436.5209045410156,86.50508880615234
2023-08-08,434.62261962890625,87.50969696044922
2023-08-09,431.717041015625,87.96223449707031
2023-08-10,431.8720397949219,86.51412200927734
2023-08-11,431.6202087402344,86.31502532958984
2023-08-14,434.00274658203125,86.12498474121094
2023-08-15,428.9471130371094,85.60003662109375
2023-08-16,425.7994079589844,84.93029022216797
2023-08-17,422.5549011230469,84.56828308105469
2023-08-18,422.75823974609375,84.8669204711914
2023-08-21,425.5088195800781,83.73560333251953
2023-08-22,424.35626220703125,84.37818145751953
2023-08-23,429.0827331542969,86.46886444091797
2023-08-24,423.1360168457031,85.898681640625
2023-08-25,426.1189880371094,86.17926025390625
2023-08-28,428.8211975097656,86.26976013183594
2023-08-29,435.0196838378906,87.16576385498047
2023-08-30,436.8114929199219,87.07524871826172
2023-08-31,436.1722412109375,87.46444702148438
2023-09-01,436.9857482910156,86.10187530517578
2023-09-05,435.09722900390625,84.89454650878906
2023-09-06,432.1722106933594,85.10331726074219
2023-09-07,430.84539794921875,85.33934783935547
2023-09-08,431.4942932128906,85.6661605834961
2023-09-11,434.33209228515625,85.0488510131836
2023-09-12,431.9494934082031,85.5390625
2023-09-13,432.453125,85.52090454101562
2023-09-14,436.1819152832031,84.90360260009766
2023-09-15,430.92669677734375,84.38619995117188
2023-09-18,431.17938232421875,84.86729431152344
2023-09-19,430.2851867675781,84.24095153808594
2023-09-20,426.3294677734375,84.50421905517578
2023-09-21,419.2829284667969,82.33464050292969
2023-09-22,418.34014892578125,82.99732208251953
2023-09-25,420.0993957519531,80.95484924316406
2023-09-26,413.9275207519531,80.67343139648438
2023-09-27,414.0928039550781,80.25585174560547
2023-09-28,416.4934387207031,80.5009536743164
2023-09-29,415.482666015625,80.51002502441406
2023-10-02,415.3174133300781,79.16226959228516
2023-10-03,409.7579650878906,77.45936584472656
2023-10-04,412.74176025390625,78.55215454101562
2023-10-05,412.58624267578125,78.16056060791016
2023-10-06,417.48480224609375,77.21349334716797
2023-10-09,420.1576232910156,79.02566528320312
2023-10-10,422.3445129394531,78.91639709472656
2023-10-11,424.0745544433594,80.56465911865234
2023-10-12,421.4892578125,78.37911224365234
2023-10-13,419.3898010253906,79.78150939941406
2023-10-16,423.80242919921875,78.49751281738281
2023-10-17,423.7829284667969,77.63238525390625
2023-10-18,418.1360168457031,76.94940185546875
2023-10-19,414.46209716796875,75.37398529052734
2023-10-20,409.36920166015625,75.80198669433594
2023-10-23,408.65966796875,76.71265411376953
2023-10-24,411.7406311035156,77.72343444824219
2023-10-25,405.831298828125,75.99323272705078
2023-10-26,400.9715881347656,77.15885162353516
2023-10-27,399.15411376953125,76.83101654052734
2023-10-30,403.9263610839844,76.4849624633789
2023-10-31,406.46307373046875,76.11163330078125
2023-11-01,410.7978820800781,77.76188659667969
2023-11-02,418.6706237792969,79.53460693359375
2023-11-03,422.4902648925781,80.07372283935547
2023-11-06,423.46221923828125,79.29703521728516
2023-11-07,424.66741943359375,80.46663665771484
2023-11-08,424.97845458984375,81.83728790283203
2023-11-09,421.6640930175781,79.95494079589844
2023-11-10,428.2441101074219,80.40267181396484
2023-11-13,427.8359069824219,80.21990966796875
2023-11-14,436.1362609863281,82.03832244873047
2023-11-15,437.0595397949219,80.88697814941406
2023-11-16,437.5941162109375,81.89212799072266
2023-11-17,438.1383972167969,82.2759017944336
2023-11-20,441.5110778808594,82.77847290039062
2023-11-21,440.5487976074219,82.74193572998047
2023-11-22,442.24969482421875,83.03433227539062
2023-11-24,442.5218505859375,82.05660247802734
2023-11-27,441.72491455078125,83.42726135253906
2023-11-28,442.1622314453125,83.59173583984375
2023-11-29,441.8511962890625,84.642578125
2023-11-30,443.5909729003906,83.66484069824219
2023-12-01,446.2151794433594,85.24058532714844
2023-12-04,443.8728332519531,84.90143585205078
2023-12-05,443.7853698730469,86.72559356689453
2023-12-06,441.99700927734375,87.88056945800781
2023-12-07,445.3695983886719,87.37640380859375
2023-12-08,447.2843322753906,86.66142272949219
2023-12-11,449.0240783691406,86.47806549072266
2023-12-12,451.0748596191406,86.7347640991211
2023-12-13,457.29522705078125,88.76973724365234
2023-12-14,458.7628479003906,91.07889556884766
2023-12-15,458.0075378417969,91.18008422851562
2023-12-18,460.58380126953125,90.45356750488281
2023-12-19,463.3846130371094,90.94097900390625
2023-12-20,456.9634094238281,91.55711364746094
2023-12-21,461.2962646484375,90.97772979736328
2023-12-22,462.22332763671875,90.56393432617188
2023-12-26,464.1750793457031,90.82139587402344
2023-12-27,465.01434326171875,92.43074035644531
2023-12-28,465.19000244140625,91.7594223022461
2023-12-29,463.84332275390625,90.9317626953125
